id,name,project,state,url,created_at,metric.test reward,metric.test len,test reward history,test len history,config.Slope,config.Schedule,config.hidden_sizes
12yvjkew,lively-forest-51,l2f_bc,finished,https://wandb.ai/korneelvandenberghe/l2f_bc/runs/12yvjkew,2024-10-10T19:20:01Z,317.2990331952555,375.6,"0      21.900590
1      21.470152
2      18.915869
3      16.728756
4      85.411148
5      60.023291
6     100.789252
7     188.861857
8     102.604940
9     145.003396
10    102.889147
11    149.305630
12    189.783271
13    105.329564
14    276.805873
15    270.455119
16    270.581597
17    225.048560
18    186.011582
19    144.057379
20    272.374630
21    319.179127
22    363.604133
23    361.334340
24    317.299033
Name: test reward, dtype: float64","0      38.40
1      38.55
2      34.70
3      31.90
4     119.70
5      82.80
6     132.25
7     232.25
8     132.30
9     179.40
10    133.35
11    185.75
12    230.70
13    136.45
14    327.15
15    325.30
16    324.00
17    269.80
18    227.65
19    179.80
20    322.50
21    376.80
22    425.55
23    424.30
24    375.60
Name: test len, dtype: float64",25.0,True,
mbx1qvqw,chocolate-armadillo-55,l2f_bc,finished,https://wandb.ai/korneelvandenberghe/l2f_bc/runs/mbx1qvqw,2024-10-10T20:21:00Z,282.4909588385223,334.85,"0      16.939617
1      18.186073
2      16.952290
3      16.212650
4     136.623717
5      95.886407
6     148.074329
7      63.521936
8     104.569091
9     268.621160
10    142.901454
11    186.693664
12    145.750053
13    102.963742
14    103.610236
15    191.375011
16    188.586668
17    232.675062
18    277.237447
19    150.862378
20    149.874838
21    238.713512
22    145.454833
23    359.994725
24    282.490959
Name: test reward, dtype: float64","0      32.80
1      33.25
2      35.70
3      33.60
4     185.35
5     137.45
6     182.60
7      91.80
8     133.85
9     326.15
10    184.55
11    230.80
12    179.90
13    130.45
14    136.05
15    230.90
16    230.75
17    275.60
18    330.35
19    186.75
20    188.20
21    289.75
22    181.85
23    422.05
24    334.85
Name: test len, dtype: float64",25.0,False,
dmffi8l2,glamorous-water-89,l2f_bc,finished,https://wandb.ai/korneelvandenberghe/l2f_bc/runs/dmffi8l2,2024-10-11T12:25:02Z,308.9250496366911,371.05,"0      18.741563
1      63.860006
2      14.432393
3     140.604604
4     228.283713
5     232.752662
6     234.657079
7     229.988135
8     235.454752
9     152.528143
10    238.265866
11    443.424768
12    110.295605
13    270.842561
14    233.387263
15    234.040307
16    149.974039
17    193.597703
18    315.586391
19    237.309572
20     98.279004
21    142.557444
22    273.300622
23    100.910700
24    308.925050
Name: test reward, dtype: float64","0      37.40
1      88.40
2      29.85
3     184.50
4     277.75
5     276.45
6     279.00
7     279.10
8     280.00
9     187.95
10    284.45
11    516.10
12    148.15
13    322.50
14    279.55
15    282.65
16    186.20
17    235.55
18    367.55
19    286.25
20    128.35
21    179.55
22    327.10
23    137.80
24    371.05
Name: test len, dtype: float64",25.0,True,
fzabjlne,misty-pond-91,l2f_bc,finished,https://wandb.ai/korneelvandenberghe/l2f_bc/runs/fzabjlne,2024-10-11T12:59:44Z,68.39486778233449,93.95,"0      20.972317
1      16.297484
2      22.263469
3      19.132112
4      14.140661
5      18.831422
6      65.597978
7      19.660315
8      17.022710
9      15.866839
10    143.276064
11    100.829712
12    106.949665
13    184.241191
14    229.446904
15     61.725796
16     59.910808
17     99.438615
18     17.205862
19    146.266830
20     23.149173
21     65.629656
22     61.069072
23     19.418766
24     68.394868
Name: test reward, dtype: float64","0      38.10
1      34.80
2      38.50
3      35.75
4      30.40
5      37.20
6      92.30
7      35.10
8      32.50
9      31.65
10    177.65
11    135.70
12    140.50
13    227.85
14    282.60
15     89.20
16     80.15
17    129.10
18     32.60
19    180.40
20     45.35
21     93.95
22     85.20
23     39.35
24     93.95
Name: test len, dtype: float64",25.0,True,
zmvcqdku,royal-resonance-94,l2f_bc,finished,https://wandb.ai/korneelvandenberghe/l2f_bc/runs/zmvcqdku,2024-10-11T14:03:16Z,270.7240328035943,332.35,"0      20.248832
1      21.998924
2     103.915631
3     141.974476
4     241.358403
5     233.313684
6     233.289229
7     190.154348
8     231.097530
9     189.492465
10    313.894930
11    234.240099
12    364.494867
13    275.438478
14    271.775524
15    312.833292
16    491.861115
17    398.956394
18    269.115233
19    353.007167
20    139.991521
21    272.220046
22    182.821451
23    227.847217
24    270.724033
Name: test reward, dtype: float64","0      34.05
1      41.00
2     134.65
3     178.85
4     284.40
5     278.95
6     278.75
7     229.55
8     276.45
9     231.55
10    368.55
11    280.20
12    424.35
13    335.60
14    322.70
15    371.10
16    571.65
17    468.55
18    328.90
19    420.60
20    177.95
21    334.10
22    230.50
23    281.30
24    332.35
Name: test len, dtype: float64",25.0,True,
2omwieaz,balmy-firebrand-95,l2f_bc,finished,https://wandb.ai/korneelvandenberghe/l2f_bc/runs/2omwieaz,2024-10-11T14:15:06Z,267.8883650369649,327.6,"0      18.277124
1      63.127668
2     234.287373
3     226.383913
4     271.137842
5     228.167519
6     143.192696
7     311.057177
8     277.515957
9     187.921499
10    188.290128
11    361.145912
12    274.988189
13    446.688773
14    271.317710
15    232.060351
16    449.105598
17    354.156490
18    184.139178
19    477.309107
20    267.500345
21    304.901752
22    311.290592
23    267.161392
24    267.888365
Name: test reward, dtype: float64","0      36.70
1      91.85
2     280.70
3     275.55
4     321.20
5     273.25
6     175.70
7     368.50
8     331.30
9     230.25
10    226.60
11    422.55
12    327.15
13    517.50
14    328.15
15    275.20
16    522.55
17    424.35
18    226.45
19    568.90
20    327.25
21    370.80
22    378.00
23    331.15
24    327.60
Name: test len, dtype: float64",25.0,True,
5flx6sd6,usual-sun-119,l2f_bc,finished,https://wandb.ai/korneelvandenberghe/l2f_bc/runs/5flx6sd6,2024-10-12T10:44:39Z,198.6696599927237,284.8,"0      17.759834
1      16.177965
2      97.494651
3     105.021590
4      61.608797
5     275.018977
6     227.078895
7     272.352287
8     266.523111
9     232.375311
10    377.911399
11     93.552214
12    301.731225
13    224.585134
14    297.945888
15    133.327516
16    339.997238
17    256.626600
18    215.673424
19    260.690721
20    285.472234
21    166.610631
22    373.220116
23    336.629583
24    132.885053
25    132.823943
26    209.837799
27    210.504674
28    292.831500
29    207.532338
30    371.430978
31    169.762138
32    258.403201
33    290.361561
34    210.845767
35    351.615484
36    466.139123
37    269.387952
38    236.086532
39    198.669660
Name: test reward, dtype: float64","0      36.25
1      33.20
2     135.40
3     132.10
4      90.15
5     335.80
6     276.65
7     327.15
8     328.35
9     288.00
10    474.60
11    131.85
12    372.40
13    290.95
14    374.15
15    190.55
16    417.25
17    332.50
18    276.60
19    332.90
20    376.05
21    233.15
22    471.60
23    431.35
24    179.85
25    194.15
26    277.65
27    285.80
28    376.65
29    283.70
30    469.25
31    234.30
32    341.95
33    373.25
34    281.05
35    468.35
36    621.65
37    384.45
38    327.95
39    284.80
Name: test len, dtype: float64",25.0,False,
zafl6dna,woven-thunder-123,l2f_bc,finished,https://wandb.ai/korneelvandenberghe/l2f_bc/runs/zafl6dna,2024-10-12T11:20:40Z,143.1400720604753,184.45,"0      15.014652
1      18.916617
2      20.704725
3      19.509590
4      20.202813
5      16.637415
6      17.971122
7      28.035228
8      98.208211
9      51.908540
10     98.512390
11     18.940686
12    190.011587
13    140.946115
14    191.910524
15     58.626098
16     60.556700
17     21.961895
18    148.880111
19    273.937814
20    141.928194
21     63.259717
22    146.865074
23    108.081864
24     18.965752
25    148.470065
26    144.300948
27    104.478570
28    195.508685
29    189.960475
30    231.051247
31    228.356826
32    230.982758
33    270.046721
34    143.140072
Name: test reward, dtype: float64","0      29.65
1      36.05
2      39.00
3      41.25
4      38.05
5      36.15
6      32.25
7      48.90
8     142.90
9      85.05
10    128.70
11     43.05
12    237.65
13    186.35
14    231.65
15     81.10
16     85.70
17     38.30
18    179.55
19    326.85
20    174.90
21     86.25
22    183.15
23    140.20
24     34.65
25    179.85
26    181.45
27    132.05
28    238.85
29    230.95
30    280.65
31    275.15
32    280.95
33    323.20
34    184.45
Name: test len, dtype: float64",25.0,True,
092jdqzh,proud-dragon-126,l2f_bc,finished,https://wandb.ai/korneelvandenberghe/l2f_bc/runs/092jdqzh,2024-10-12T11:54:30Z,356.5779545778277,471.35,"0      19.567413
1      33.043582
2      57.243093
3     147.546424
4     237.579394
5     140.901743
6     179.247655
7     358.873707
8     182.237369
9     188.394960
10     90.417765
11    297.693297
12    341.599269
13    263.068034
14    390.407081
15    381.289305
16    340.629554
17    324.144567
18    327.350160
19    253.436870
20    250.194397
21    124.635082
22    128.552122
23    208.057769
24    287.513791
25    335.121306
26    206.734374
27    409.929441
28    169.066524
29    326.678181
30    167.780400
31    373.731868
32    274.757710
33    271.421220
34    195.983598
35    306.900699
36    399.218428
37    237.649177
38    192.467595
39    356.577955
Name: test reward, dtype: float64","0      35.95
1      56.60
2      83.25
3     181.25
4     281.55
5     185.35
6     227.20
7     431.15
8     229.10
9     236.60
10    135.10
11    374.85
12    422.80
13    334.25
14    475.20
15    469.35
16    429.10
17    429.05
18    430.55
19    343.60
20    324.50
21    182.70
22    185.65
23    276.00
24    374.15
25    426.70
26    282.55
27    524.00
28    234.30
29    427.05
30    230.25
31    467.65
32    373.90
33    373.55
34    283.45
35    424.10
36    516.50
37    324.85
38    274.50
39    471.35
Name: test len, dtype: float64",25.0,False,
p7o6wi7f,pretty-wave-127,l2f_bc,finished,https://wandb.ai/korneelvandenberghe/l2f_bc/runs/p7o6wi7f,2024-10-12T12:18:11Z,313.65923067627364,381.1,"0      18.561689
1      17.947053
2      21.597729
3      23.124424
4      13.024800
5      27.543516
6      55.375871
7      19.016793
8      62.753085
9      94.804199
10     51.516537
11     57.484452
12    141.018090
13    268.257734
14     56.595030
15    107.661576
16    187.898355
17    104.640993
18    145.530219
19    181.277397
20     62.176824
21    184.818857
22    150.281266
23    267.592875
24    185.067454
25    149.801846
26    238.400544
27    190.622524
28    146.417457
29     62.246670
30    145.138635
31    146.217435
32    143.157106
33    228.133513
34    313.659231
Name: test reward, dtype: float64","0      35.10
1      32.65
2      40.35
3      44.20
4      34.00
5      51.80
6      83.25
7      38.65
8      88.05
9     134.10
10     78.75
11     80.75
12    187.65
13    323.85
14     81.25
15    137.95
16    238.45
17    141.40
18    184.75
19    230.70
20     85.40
21    226.90
22    186.45
23    324.70
24    231.05
25    182.00
26    281.05
27    238.20
28    181.85
29     87.65
30    181.90
31    184.10
32    178.75
33    276.85
34    381.10
Name: test len, dtype: float64",25.0,False,
5nctc70m,lucky-galaxy-141,l2f_bc,finished,https://wandb.ai/korneelvandenberghe/l2f_bc/runs/5nctc70m,2024-10-12T17:13:11Z,-417.70186100245337,278.2,"0      15.662246
1      20.163620
2      15.385393
3      16.973258
4      10.392162
5      11.147726
6      50.991415
7      46.529992
8     110.894415
9     244.225952
10     93.894398
11     88.477790
12    199.929918
13     56.715402
14     18.837124
15    -72.743634
16    -72.166779
17    -54.762821
18   -106.458532
19   -117.359661
20   -169.387927
21   -222.878369
22   -184.566283
23   -219.118018
24   -296.650810
25   -392.050999
26   -250.827964
27   -292.249563
28   -408.876498
29   -466.879770
30   -510.671049
31   -397.151945
32   -482.745662
33   -386.855761
34   -417.701861
Name: test reward, dtype: float64","0      35.20
1      35.60
2      36.55
3      44.30
4      31.65
5      40.55
6      91.45
7      87.60
8     182.25
9     377.00
10    226.10
11    231.10
12    422.85
13    279.75
14    228.90
15    136.35
16    187.95
17    334.20
18    180.30
19    182.50
20    134.55
21    281.10
22    138.10
23    133.40
24    277.90
25    238.80
26    133.05
27    129.75
28    190.50
29    234.85
30    327.15
31    229.70
32    337.60
33    278.10
34    278.20
Name: test len, dtype: float64",25.0,True,
vso65kjd,dainty-bee-145,l2f_bc,finished,https://wandb.ai/korneelvandenberghe/l2f_bc/runs/vso65kjd,2024-10-12T18:24:52Z,-350.1141677160095,133.65,"0      15.518590
1      18.891474
2      12.909025
3      15.721906
4      40.869568
5      10.437118
6      13.881954
7     122.790828
8       3.200938
9      -5.221711
10    -19.068231
11    123.491619
12    103.056733
13     85.198446
14     37.782673
15     59.989974
16    -20.389162
17    -55.228804
18   -141.652298
19   -153.785534
20   -178.319078
21   -216.343394
22   -223.910929
23   -233.087443
24   -212.859712
25   -327.433388
26   -321.181632
27   -373.920981
28   -315.618234
29   -346.064923
30   -459.819173
31   -366.080442
32   -437.047587
33   -350.801441
34   -350.114168
Name: test reward, dtype: float64","0      38.15
1      39.15
2      31.50
3      35.45
4      69.10
5      35.75
6      42.60
7     175.00
8      46.65
9      36.40
10     35.00
11    229.95
12    226.20
13    278.90
14    181.75
15    380.95
16    178.20
17    276.85
18    236.60
19    187.50
20    129.90
21    227.80
22    232.00
23    232.15
24    187.20
25    278.50
26    180.65
27    284.50
28    272.30
29    228.55
30    244.30
31    228.75
32    374.35
33    181.65
34    133.65
Name: test len, dtype: float64",25.0,False,
6porz8x2,clear-meadow-179,l2f_bc,finished,https://wandb.ai/korneelvandenberghe/l2f_bc/runs/6porz8x2,2024-10-13T18:27:42Z,21.90385616166263,38.65,"0     15.996974
1     17.592411
2     21.030806
3     16.928445
4     17.293967
5     19.628023
6     22.613497
7     19.945190
8     21.714827
9     16.410826
10    21.309867
11    18.925270
12    22.090814
13    17.121970
14    16.479699
15    17.028142
16    14.360253
17    20.777103
18    17.121978
19    17.695689
20    19.242679
21    19.087831
22    21.428169
23    18.856784
24    21.319812
25    18.357975
26    22.762444
27    18.825000
28    16.702617
29    19.431142
30    21.532193
31    18.580134
32    19.627608
33    23.842806
34    21.903856
Name: test reward, dtype: float64","0     33.70
1     33.20
2     35.70
3     32.40
4     34.10
5     33.65
6     42.25
7     35.30
8     38.35
9     34.10
10    35.85
11    36.15
12    35.25
13    33.40
14    33.80
15    34.90
16    31.20
17    39.35
18    33.70
19    38.85
20    36.75
21    35.40
22    40.40
23    38.65
24    41.35
25    36.30
26    40.85
27    35.05
28    35.80
29    36.80
30    42.40
31    40.05
32    41.15
33    44.85
34    38.65
Name: test len, dtype: float64",25.0,False,"[16, 16]"
dz3qko1x,helpful-wildflower-180,l2f_bc,finished,https://wandb.ai/korneelvandenberghe/l2f_bc/runs/dz3qko1x,2024-10-13T18:33:44Z,63.82452157146211,92.75,"0      21.182287
1      18.484019
2      18.753878
3      18.947560
4      15.444454
5      18.520585
6      22.861758
7      17.182905
8      16.339295
9      28.896200
10     28.187339
11     15.069599
12     29.328412
13     20.289904
14     18.023430
15     21.054663
16     19.411297
17     18.813225
18     54.281394
19    175.862099
20     57.731045
21    102.403687
22    102.915084
23    143.472854
24    110.251452
25     21.974690
26    105.595491
27    107.482680
28    196.898031
29    108.596069
30    110.372470
31    103.985549
32    149.670553
33     18.363299
34     63.824522
Name: test reward, dtype: float64","0      36.85
1      33.45
2      38.45
3      39.30
4      31.15
5      35.65
6      45.30
7      33.90
8      32.95
9      47.60
10     49.80
11     34.35
12     53.35
13     39.80
14     39.10
15     41.00
16     35.85
17     38.00
18     80.95
19    231.15
20     83.40
21    136.00
22    138.75
23    179.10
24    138.50
25     41.60
26    132.85
27    135.75
28    240.25
29    139.70
30    139.50
31    132.05
32    182.95
33     37.65
34     92.75
Name: test len, dtype: float64",25.0,False,"[32, 32]"
a2yo01g8,prime-river-181,l2f_bc,finished,https://wandb.ai/korneelvandenberghe/l2f_bc/runs/a2yo01g8,2024-10-13T18:38:08Z,148.0288132106976,183.15,"0      20.919077
1      22.424709
2      22.841591
3      29.143461
4      18.124806
5      20.418208
6      25.383715
7      15.354370
8      63.233129
9      58.966316
10    106.146601
11    146.516301
12    192.498566
13    189.376881
14     60.188201
15    277.018799
16     97.608326
17     15.533836
18    191.067561
19    103.444478
20     58.620995
21    190.831697
22    108.901391
23    234.851014
24    238.964268
25    109.064684
26     60.311142
27    104.302987
28     99.318996
29    231.344789
30    238.515610
31    235.627067
32    146.131793
33    147.569196
34    148.028813
Name: test reward, dtype: float64","0      36.05
1      40.30
2      41.05
3      47.85
4      34.35
5      39.75
6      46.45
7      35.85
8      85.30
9      80.75
10    140.00
11    184.20
12    232.65
13    230.45
14     84.35
15    329.70
16    128.75
17     33.30
18    231.20
19    132.75
20     82.05
21    227.85
22    135.55
23    278.10
24    281.15
25    139.85
26     86.70
27    132.15
28    129.65
29    278.60
30    281.50
31    281.75
32    181.10
33    181.70
34    183.15
Name: test len, dtype: float64",25.0,False,"[64, 64]"
c77xktvz,still-elevator-215,l2f_bc,finished,https://wandb.ai/korneelvandenberghe/l2f_bc/runs/c77xktvz,2024-10-14T09:24:35Z,63.66319199006357,91.45,"0      18.642393
1      16.232575
2      16.793794
3      20.500585
4      18.929983
5      12.790864
6      18.118205
7      13.281899
8      52.239695
9      14.841077
10     58.658992
11     61.933982
12     61.161266
13    103.698185
14    187.419218
15    191.415522
16     97.812613
17    230.856582
18    186.975363
19     56.875078
20     64.993790
21    104.105120
22    145.507973
23    152.204373
24    144.922278
25    105.008821
26    144.542274
27    109.906128
28    192.265619
29    150.513690
30    105.579843
31    232.845717
32     64.553817
33    104.086623
34    149.822335
35    150.054225
36    148.228957
37    155.816647
38     60.363362
39    145.266852
40    146.792793
41    101.365406
42    103.780336
43    108.249027
44     18.598412
45    405.179536
46    100.796572
47    235.248314
48    190.425356
49     63.663192
Name: test reward, dtype: float64","0      34.25
1      34.30
2      34.60
3      35.80
4      37.90
5      29.15
6      33.15
7      30.85
8      79.85
9      30.45
10     80.80
11     86.20
12     87.45
13    130.75
14    229.70
15    228.70
16    128.45
17    275.80
18    233.10
19     78.80
20     92.40
21    135.30
22    183.30
23    193.35
24    176.55
25    135.75
26    177.80
27    144.90
28    230.50
29    185.80
30    137.75
31    281.65
32     90.40
33    136.05
34    192.15
35    186.00
36    186.90
37    193.15
38     85.20
39    182.35
40    180.80
41    130.90
42    134.40
43    140.55
44     38.85
45    473.25
46    131.10
47    283.05
48    228.45
49     91.45
Name: test len, dtype: float64",25.0,False,"[64, 64]"
kcw9ujut,classic-waterfall-216,l2f_bc,finished,https://wandb.ai/korneelvandenberghe/l2f_bc/runs/kcw9ujut,2024-10-14T09:26:57Z,408.3644031537884,478.4,"0      17.091961
1      20.716708
2     101.917633
3     101.948622
4     104.752486
5     189.680134
6     409.048963
7     363.158501
8     313.456538
9     322.494536
10    145.888831
11    189.118553
12    234.380890
13    225.959470
14    319.807961
15    276.088163
16    146.787428
17    228.679237
18    235.173390
19    449.646094
20    101.805440
21    233.860252
22    184.564172
23    271.511179
24    231.529252
25    353.583816
26    232.425973
27    232.172994
28    235.949108
29    357.464822
30    229.704659
31    228.153491
32    236.234830
33    230.246822
34    231.223242
35    189.522080
36    184.929241
37    368.999309
38    147.059408
39    232.927784
40    279.387903
41    229.807591
42    316.998594
43    186.236160
44    318.289249
45    361.210434
46    310.932666
47    233.227519
48    232.281713
49    408.364403
Name: test reward, dtype: float64","0      33.55
1      40.90
2     131.55
3     132.40
4     132.10
5     228.45
6     473.70
7     426.70
8     378.00
9     382.55
10    181.45
11    230.30
12    284.30
13    273.05
14    372.10
15    329.75
16    177.85
17    276.50
18    283.60
19    522.50
20    132.25
21    277.85
22    226.05
23    320.45
24    274.05
25    425.05
26    278.20
27    277.20
28    285.40
29    420.75
30    275.45
31    285.75
32    278.75
33    273.30
34    281.30
35    227.20
36    224.00
37    426.55
38    184.85
39    278.45
40    332.65
41    280.30
42    377.00
43    225.80
44    376.40
45    426.20
46    371.70
47    275.50
48    280.05
49    478.40
Name: test len, dtype: float64",25.0,False,"[128, 128]"
tnd6vj46,royal-disco-223,l2f_bc,finished,https://wandb.ai/korneelvandenberghe/l2f_bc/runs/tnd6vj46,2024-10-14T12:06:36Z,227.16979286872652,276.85,"0      22.257007
1      19.356626
2      20.820793
3      16.116308
4      27.427127
5      14.353581
6      30.640414
7     146.407664
8     143.336453
9     186.735008
10    155.281538
11    140.307489
12    148.289116
13     60.367353
14     19.195679
15    188.670062
16    190.984525
17    100.842119
18    106.306858
19    152.043300
20     20.295117
21    233.760623
22    192.086465
23    189.052082
24    193.239858
25    145.338530
26    188.260011
27    400.250627
28    315.676501
29     97.074021
30    229.594843
31    186.560955
32    187.491020
33    232.010087
34     60.315177
35    146.754195
36    277.458074
37    189.552862
38    279.706207
39    104.681848
40    193.178195
41    195.960549
42    310.949181
43    145.617307
44    105.327120
45    403.100484
46     19.266241
47    274.266393
48    236.188145
49    227.169793
Name: test reward, dtype: float64","0      35.00
1      34.60
2      37.35
3      35.60
4      49.30
5      30.80
6      54.15
7     177.65
8     179.20
9     230.00
10    199.60
11    172.75
12    185.40
13     83.00
14     39.05
15    226.75
16    227.20
17    132.15
18    138.75
19    191.40
20     41.60
21    283.25
22    232.95
23    227.95
24    234.40
25    180.55
26    227.70
27    465.95
28    372.25
29    122.55
30    278.45
31    227.60
32    227.45
33    272.40
34     87.10
35    182.60
36    329.20
37    235.50
38    329.60
39    132.95
40    231.55
41    237.75
42    370.20
43    182.05
44    138.30
45    469.40
46     38.25
47    324.60
48    280.60
49    276.85
Name: test len, dtype: float64",25.0,False,"[128, 128]"
1q73jgz7,still-dream-230,l2f_bc,finished,https://wandb.ai/korneelvandenberghe/l2f_bc/runs/1q73jgz7,2024-10-14T18:08:38Z,275.3278785978469,326.75,"0      20.237428
1      40.072414
2     148.577185
3     185.495246
4     273.175054
5     317.703814
6     281.378170
7     318.634670
8     320.483723
9     276.878166
10    359.646638
11    100.604534
12    229.446607
13    316.817855
14    449.425271
15    364.169966
16    319.510436
17    364.793740
18    442.732353
19    451.592909
20    314.689072
21    232.883979
22    363.275283
23    239.819226
24    451.324555
25    356.172438
26    191.147558
27    363.425424
28    363.906596
29    401.540519
30    192.469993
31    318.214643
32    275.043493
33    361.092499
34    274.066885
35    317.322995
36    283.572530
37    104.346818
38    317.566710
39    232.079111
40    270.319487
41    195.690457
42    272.529234
43    277.741012
44    323.873120
45    403.603999
46    276.044059
47    235.565177
48    232.074184
49    275.327879
Name: test reward, dtype: float64","0      37.70
1      68.10
2     180.75
3     234.75
4     324.55
5     374.65
6     335.00
7     374.75
8     378.45
9     324.45
10    424.25
11    128.85
12    279.05
13    376.20
14    519.75
15    426.35
16    374.95
17    423.75
18    514.75
19    526.10
20    374.90
21    274.25
22    421.30
23    283.55
24    522.50
25    416.90
26    230.45
27    426.65
28    425.95
29    469.85
30    236.85
31    374.95
32    325.15
33    420.90
34    326.70
35    375.30
36    338.40
37    133.95
38    377.50
39    274.45
40    323.00
41    242.95
42    329.00
43    329.20
44    385.55
45    469.55
46    327.95
47    282.60
48    277.65
49    326.75
Name: test len, dtype: float64",25.0,False,"[256, 128]"
dvz670jd,revived-dawn-237,l2f_bc,finished,https://wandb.ai/korneelvandenberghe/l2f_bc/runs/dvz670jd,2024-10-14T21:28:19Z,321.6088605510446,377.7,"0      20.155636
1      19.262043
2      21.661059
3      17.787037
4      26.160260
5      16.703060
6     103.335274
7     100.888857
8     229.443947
9      58.894556
10    316.393851
11    226.451953
12    191.285906
13    185.043860
14    187.184968
15    191.974652
16    359.517424
17    195.880551
18    237.119832
19    275.332471
20    149.739604
21    234.069878
22    364.230989
23    236.018544
24    190.303963
25    186.536462
26     64.216854
27    145.354313
28    275.224188
29    402.113388
30    101.842261
31    318.802454
32    232.518633
33    226.396256
34    322.165257
35    276.368504
36    401.261192
37    188.905003
38    532.701910
39    318.920461
40    314.696909
41    406.898451
42     59.340714
43    318.259353
44    404.714683
45    442.337570
46    191.061168
47    193.463496
48    144.026486
49    321.608861
Name: test reward, dtype: float64","0      37.65
1      38.00
2      37.30
3      39.15
4      47.00
5      36.45
6     131.25
7     125.25
8     278.35
9      83.85
10    370.55
11    277.45
12    236.30
13    232.45
14    226.55
15    234.60
16    421.90
17    239.45
18    280.85
19    321.10
20    186.75
21    277.10
22    420.95
23    279.55
24    234.80
25    229.00
26     87.95
27    183.20
28    326.05
29    469.45
30    132.95
31    376.50
32    279.65
33    277.05
34    379.00
35    325.85
36    467.50
37    229.25
38    613.30
39    373.45
40    373.55
41    474.90
42     83.00
43    371.25
44    474.50
45    514.20
46    233.10
47    238.00
48    184.45
49    377.70
Name: test len, dtype: float64",25.0,False,"[128, 128]"
fhg9i5bl,wandering-mountain-242,l2f_bc,finished,https://wandb.ai/korneelvandenberghe/l2f_bc/runs/fhg9i5bl,2024-10-15T08:18:30Z,271.375402496997,326.95,"0      19.397497
1      21.284550
2     102.001410
3     144.385770
4     321.008964
5     357.472391
6     192.542099
7     188.071876
8     357.634591
9     318.725979
10    403.799628
11    401.761593
12    318.408419
13    317.054524
14    232.076403
15    228.181010
16    104.882121
17    492.843362
18    365.252021
19    189.924722
20    141.675852
21    228.652843
22    367.284771
23     57.246406
24    406.075525
25    360.860190
26    227.561661
27    318.357006
28    360.448553
29    275.116886
30    413.481653
31    445.234685
32    234.074741
33    277.418654
34     58.981043
35    413.271214
36    231.702323
37    276.451605
38    224.776987
39    191.294250
40    276.446095
41    144.087611
42    485.666371
43    402.599531
44    397.642372
45    400.215455
46    320.109809
47    275.859777
48    359.890777
49    271.375402
Name: test reward, dtype: float64","0      34.25
1      41.40
2     131.35
3     176.75
4     379.40
5     423.85
6     233.35
7     227.85
8     414.80
9     372.30
10    476.50
11    473.55
12    372.65
13    371.60
14    279.50
15    272.65
16    139.35
17    572.45
18    425.15
19    231.70
20    179.70
21    276.85
22    432.25
23     83.30
24    472.75
25    422.45
26    274.50
27    376.90
28    430.00
29    326.05
30    478.05
31    520.30
32    281.50
33    326.40
34     86.25
35    478.30
36    278.00
37    322.35
38    269.00
39    239.30
40    332.50
41    181.40
42    567.75
43    469.10
44    471.15
45    466.70
46    379.25
47    322.95
48    422.25
49    326.95
Name: test len, dtype: float64",25.0,False,"[256, 128]"
7jon0p0q,prime-moon-243,l2f_bc,finished,https://wandb.ai/korneelvandenberghe/l2f_bc/runs/7jon0p0q,2024-10-15T08:28:52Z,-260.24632699751703,138.9,"0      17.003838
1      52.503633
2      44.252408
3     201.674586
4     179.084189
5     300.781842
6     287.745620
7     185.103844
8     116.360947
9     -24.262958
10   -123.877697
11   -310.946127
12   -285.313985
13   -197.558965
14   -221.747779
15   -265.737295
16   -261.897176
17   -227.085349
18   -270.771534
19   -203.972674
20   -348.728598
21   -231.197159
22   -279.470825
23   -311.582063
24   -343.301912
25   -277.625543
26   -278.408264
27   -309.490663
28   -282.189234
29   -247.858278
30   -262.540225
31   -292.414375
32   -277.608792
33   -303.552185
34   -220.608898
35   -356.348721
36   -305.585669
37   -253.617204
38   -288.917828
39   -336.741652
40   -328.951393
41   -280.177095
42   -288.126508
43   -266.412118
44   -282.647802
45   -335.064494
46   -303.933646
47   -287.052750
48   -204.583173
49   -260.246327
Name: test reward, dtype: float64","0      38.65
1      76.35
2      79.75
3     284.65
4     278.65
5     467.05
6     517.30
7     469.85
8     471.20
9     326.80
10    326.90
11    616.55
12    573.30
13    370.90
14    423.40
15    566.45
16    471.85
17    283.75
18    378.25
19    224.40
20    518.60
21    229.20
22    420.70
23    525.95
24    428.95
25    373.40
26    281.80
27    200.25
28    374.05
29    181.00
30    370.00
31    379.25
32    285.10
33    378.65
34    274.45
35    527.25
36    418.00
37    469.30
38    380.65
39    521.50
40    336.45
41    284.45
42    418.40
43    322.10
44    321.45
45    374.65
46    423.25
47    281.80
48    222.70
49    138.90
Name: test len, dtype: float64",25.0,False,"[256, 128]"
j48dw3py,woven-butterfly-249,l2f_bc,finished,https://wandb.ai/korneelvandenberghe/l2f_bc/runs/j48dw3py,2024-10-15T13:09:49Z,205.56025906587624,248.45,"0      19.698680
1      66.779188
2     101.150959
3      91.099725
4     159.342102
5     140.234852
6     101.588167
7      84.973035
8     197.047115
9      96.571434
10     16.411287
11    104.424222
12    141.417382
13     69.681989
14    344.503888
15    160.720944
16    131.511592
17    225.871351
18    194.281488
19    281.419335
20    152.734963
21    182.312179
22    317.799069
23    219.991896
24    280.578448
25    257.001035
26    234.501590
27    106.878562
28    195.882857
29    204.458996
30    304.267093
31    264.094444
32    363.986039
33    219.329737
34    265.036844
35    184.770450
36    158.191772
37    180.387443
38    455.379960
39    204.044031
40    177.884341
41    283.692111
42    217.392577
43    209.662225
44    275.117113
45    261.898464
46    172.617868
47    200.558657
48    365.699089
49    205.560259
Name: test reward, dtype: float64","0      36.40
1      99.70
2     134.65
3     119.85
4     200.00
5     175.35
6     129.75
7     111.90
8     237.85
9     126.70
10     34.20
11    139.50
12    176.00
13     91.35
14    411.30
15    198.65
16    169.10
17    270.30
18    235.25
19    333.85
20    184.95
21    220.95
22    370.05
23    266.00
24    332.45
25    307.55
26    280.35
27    136.85
28    233.30
29    246.85
30    358.40
31    309.30
32    423.00
33    262.70
34    312.95
35    220.95
36    191.30
37    216.20
38    526.05
39    248.40
40    213.55
41    336.00
42    256.20
43    252.45
44    326.15
45    303.60
46    206.10
47    246.65
48    433.60
49    248.45
Name: test len, dtype: float64",25.0,False,"[256, 128]"
8nug4rj6,upbeat-hill-263,l2f_bc,finished,https://wandb.ai/korneelvandenberghe/l2f_bc/runs/8nug4rj6,2024-10-17T12:25:15Z,-236.422893702286,518.0666666666667,"0      20.654225
1      44.229944
2     105.405058
3     157.475632
4     211.462519
5      96.142567
6     287.530526
7     232.036590
8     170.031522
9     250.841208
10    285.260020
11    153.702353
12    237.279191
13    327.030305
14    267.730389
15    281.299111
16    296.474552
17    216.918367
18    189.493748
19    245.312878
20    113.652619
21    140.758921
22    111.223890
23     28.120972
24     63.887799
25     -6.040519
26     -0.299738
27    -18.866712
28    -97.600612
29    -94.360834
30   -191.112649
31   -201.056379
32   -200.275179
33   -212.498658
34   -226.583121
35   -213.206101
36   -176.799150
37   -199.845429
38   -184.326879
39   -225.519300
40   -191.055559
41   -165.357281
42   -179.359476
43   -169.807722
44   -170.276410
45   -166.714320
46   -210.827505
47   -174.264842
48   -171.963999
49   -236.422894
Name: test reward, dtype: float64","0      36.566667
1      69.866667
2     135.633333
3     197.166667
4     258.666667
5     134.300000
6     363.466667
7     294.000000
8     231.766667
9     331.633333
10    391.633333
11    232.533333
12    330.066667
13    484.666667
14    391.733333
15    456.266667
16    489.766667
17    358.333333
18    393.866667
19    487.700000
20    326.500000
21    391.333333
22    325.600000
23    331.966667
24    358.733333
25    359.966667
26    422.000000
27    359.333333
28    264.133333
29    231.233333
30    359.133333
31    363.466667
32    449.866667
33    365.566667
34    452.600000
35    422.566667
36    296.200000
37    361.333333
38    328.333333
39    487.400000
40    268.300000
41    258.900000
42    297.700000
43    235.900000
44    326.966667
45    296.266667
46    328.433333
47    298.000000
48    323.000000
49    518.066667
Name: test len, dtype: float64",25.0,False,"[256, 128]"
53bmn0s3,wise-rain-453,l2f_bc,finished,https://wandb.ai/korneelvandenberghe/l2f_bc/runs/53bmn0s3,2024-11-04T08:48:27Z,-238.03472061277995,481.5,"0      429.968824
1      450.496205
2      468.122537
3      286.780511
4      346.107875
          ...    
185   -243.620047
186   -248.345961
187   -240.627239
188   -235.065956
189   -238.034721
Name: test reward, Length: 190, dtype: float64","0      527.633333
1      545.800000
2      567.000000
3      355.433333
4      423.066667
          ...    
185    410.400000
186    389.133333
187    406.566667
188    387.566667
189    481.500000
Name: test len, Length: 190, dtype: float64",25.0,False,"[256, 128]"
