"epoch","Schedule: true - _step","Schedule: true - _step__MIN","Schedule: true - _step__MAX","Schedule: true - test reward","Schedule: true - test reward__MIN","Schedule: true - test reward__MAX","Schedule: false - _step","Schedule: false - _step__MIN","Schedule: false - _step__MAX","Schedule: false - test reward","Schedule: false - test reward__MIN","Schedule: false - test reward__MAX","Schedule: adaptive - _step","Schedule: adaptive - _step__MIN","Schedule: adaptive - _step__MAX","Schedule: adaptive - test reward","Schedule: adaptive - test reward__MIN","Schedule: adaptive - test reward__MAX"
"0","5.5","5","6","20.25069785576007","18.35669799096918","22.14469772055096","5.6","5","6","17.261406099046475","14.946558591350419","20.104895311514664","2","2","2","10.595603208873413","9.09646431707988","12.094742100666945"
"10","49","48","50","16.72210822971153","16.015911729949266","17.42830472947379","48.2","47","49","17.48838883895067","16.571392888532134","18.68028118401","19","19","19","25.597956145113855","8.46274947777094","42.73316281245677"
"20","91.5","90","93","17.825396956475547","17.551254730436153","18.099539182514942","90.8","89","92","18.074470678456173","16.27068168132312","21.03080566830821","36","36","36","25.2641646222831","10.007475541682775","40.52085370288343"
"30","134","132","136","18.017703686080672","17.726469363940485","18.308938008220856","133.4","131","135","17.82509087636723","16.094500711166617","19.43360737882168","53","53","53","41.37876667552905","6.666578590272185","76.09095476078592"
"40","176.5","174","179","17.378488756641936","16.866591079435455","17.89038643384842","176","173","178","18.438739679197777","16.16482134616696","20.064691518119318","70","70","70","23.64234738968424","3.860565554170882","43.424129225197596"
"50","219","216","222","17.770538117513087","16.206558168737587","19.334518066288588","218.6","215","221","19.6860477097105","16.534274758928113","23.881884377302633","87","87","87","74.6055289874577","41.38217435502816","107.82888361988725"
"60","262.5","258","267","15.95705172682795","15.60548549240087","16.30861796125503","261.2","257","264","19.436556887647292","17.781782190721295","22.6134973917352","104","104","104","8.364580221307051","6.762438505637137","9.966721936976967"
"70","306","300","312","19.92682278568917","18.37550068318499","21.478144888193352","303.8","299","307","19.95619251663291","16.899544526096783","24.794517048653642","121","121","121","56.5441367209694","36.02689379133601","77.06137965060279"
"80","350.5","344","357","20.74039589435455","19.354979267699157","22.125812521009944","346.4","341","350","20.82681024969093","16.773670409910046","25.55625179956519","138","138","138","59.615242337675355","45.685838286503554","73.54464638884716"
"90","394","386","402","18.93385425332138","18.058249046874064","19.80945945976869","389","383","393","19.23750995650716","16.41082632614062","22.42101094744488","155","155","155","25.997007633150723","6.760285204391053","45.23373006191039"
"100","438.5","430","447","16.759042319726134","14.613396161003333","18.904688478448932","431.6","425","436","18.84149167976226","17.04675386936279","21.30986656308902","172","172","172","22.48950033703195","4.7916161627529785","40.18738451131092"
"110","482","472","492","16.36288305097454","15.713981307467924","17.011784794481155","474.2","467","479","18.239998728565716","16.39696290004041","19.93903258049233","189","189","189","24.016997359174848","8.449174978558448","39.58481973979125"
"120","525.5","514","537","19.73595833877621","17.886500331756622","21.5854163457958","516.8","509","522","18.708420882023738","12.9382237537698","25.165346158384025","206","206","206","10.768897404829687","9.579576490596798","11.958218319062578"
"130","570","558","582","18.195850344657842","17.8544106115126","18.537290077803082","559.4","551","565","19.650577540508262","16.608593954190468","25.013677864944775","223","223","223","92.97241987847113","79.04105046834539","106.90378928859688"
"140","613.5","600","627","19.193868970418507","16.00235846345703","22.38537947737999","602","593","608","19.04983821772398","16.479698546593266","24.429277448011003","240","240","240","6.652185058489246","2.218030598377671","11.08633951860082"
"150","658","644","672","19.637631501026377","17.715241490019828","21.56002151203292","644.6","635","651","18.3727233168682","17.028141895569327","21.577684032258784","257","257","257","91.32124254801113","40.64568062726147","141.99680446876079"
"160","701.5","686","717","16.618143196785454","16.231863414487158","17.004422979083753","687.2","677","694","19.196666645339125","14.360253351075281","24.484897354763646","274","274","274","25.43308303339843","4.4693811022790575","46.3967849645178"
"170","745","728","762","19.26392495513553","18.842759577736924","19.685090332534138","729.8","719","737","21.10242328459706","18.222874702073693","25.72738108606295","291","291","291","24.39090244220023","7.711222261369214","41.07058262303124"
"180","789.5","772","807","19.695904365828653","18.357119368306403","21.0346893633509","772.4","761","780","18.368795968313517","17.12197801037772","19.22031926063104","308","308","308","8.191386426780662","3.7319700425458366","12.650802811015488"
"190","833","814","852","20.97862727455653","18.891856273497492","23.06539827561557","815","803","823","20.032725661252904","16.638404051066033","24.326736861058727","325","325","325","59.04083429906282","40.79418404044274","77.2874845576829"
"200","877.5","858","897","21.75835830605341","20.588627809969747","22.928088802137072","857.6","845","866","23.00314369645412","16.58988497797172","37.8955943274499","342","342","342","65.28478176981798","53.27333902150078","77.29622451813518"
"210","921","900","942","16.676438462787296","16.456433485158648","16.896443440415943","900.2","887","909","23.361842416791998","15.732325177769173","41.67474485719219","359","359","359","12.442485026832088","9.824341429839459","15.060628623824718"
"220","964.5","942","987","17.589516345510937","16.281899215901902","18.897133475119972","942.8","929","952","17.23278144754925","14.708877535755795","21.428169075446448","376","376","376","26.30251844958189","9.050321542748733","43.554715356415045"
"230","1009","986","1032","18.167234797670588","15.695844266648075","20.638625328693102","985.4","971","995","20.617856452925587","15.463782558328854","24.133424878019824","393","393","393","26.202786520956085","9.402321281491803","43.00325176042037"
"240","1052.5","1028","1077","18.74636550834365","16.657624005708616","20.83510701097869","1028","1013","1038","19.234357302170345","14.772600642994735","23.39995760654014","410","410","410","58.79702909443466","43.070251464307454","74.52380672456188"
"250","1097","1072","1122","18.832776212671533","17.96135300651236","19.704199418830708","1070.6","1055","1081","23.834920711415332","17.144780957127615","44.5978404762714","427","427","427","108.70661976857916","76.56824340910978","140.84499612804854"
"260","1140.5","1114","1167","18.007312567886807","17.314332626972845","18.700292508800764","1113.2","1097","1124","20.73946369986832","18.924063681641776","22.762443785471152","444","444","444","33.087631469765974","14.388784177928816","51.786478761603135"
"270","1184","1156","1212","18.68655809813063","16.652567940817494","20.720548255443763","1155.8","1139","1167","26.864302446782705","14.855453816141036","59.48068679625968","461","461","461","28.81229811501077","13.034575313029503","44.59002091699203"
"280","1228.5","1200","1257","22.788324923094265","20.822357691143033","24.754292155045498","1198.4","1181","1210","36.20938487760965","16.702616551637934","61.75571165864733","478","478","478","114.16787697922041","46.443952939680614","181.8918010187602"
"290","1272","1242","1302","20.516987786438477","19.18894098702294","21.845034585854012","1241","1223","1253","27.288575854875454","16.66248833614468","59.32815318884042","495","495","495","34.858368298652294","22.92914130730364","46.787595290000944"
"300","1316.5","1286","1347","20.913317674971054","20.755810714783156","21.070824635158957","1283.6","1265","1296","41.98418911290557","14.088606198431629","140.0785568276693","","","","","",""
"310","1360","1328","1392","18.582216100725965","15.610407745177294","21.55402445627464","1326.2","1307","1339","34.741956998518546","15.343693574999904","98.96480302297769","","","","","",""
"320","1403.5","1370","1437","18.027429435035682","17.042549824362425","19.01230904570894","1368.8","1349","1382","27.144475621009036","15.697326097495559","59.55222021282445","","","","","",""
"330","1448","1414","1482","17.079081158981886","15.399824966516581","18.758337351447192","1411.4","1391","1425","35.698569601042266","15.75365682495944","96.40045336727812","","","","","",""
"340","1491.5","1456","1527","20.97396498392805","20.087720972974285","21.860208994881816","1454","1433","1468","27.898210126623184","17.68904715574656","57.003455277280395","","","","","",""
"350","1500","1500","1500","21.737909558581208","21.737909558581208","21.737909558581208","1475","1475","1475","18.17908877436349","18.17908877436349","18.17908877436349","","","","","",""
"360","1542","1542","1542","18.237261443329295","18.237261443329295","18.237261443329295","1517","1517","1517","25.002140876780523","25.002140876780523","25.002140876780523","","","","","",""
"370","1584","1584","1584","21.349838499707264","21.349838499707264","21.349838499707264","1559","1559","1559","17.277114226787017","17.277114226787017","17.277114226787017","","","","","",""
"380","1628","1628","1628","20.735669488404973","20.735669488404973","20.735669488404973","1601","1601","1601","61.96317540221298","61.96317540221298","61.96317540221298","","","","","",""
"390","1670","1670","1670","21.832472160294152","21.832472160294152","21.832472160294152","1643","1643","1643","17.417237417961683","17.417237417961683","17.417237417961683","","","","","",""
"400","1714","1714","1714","22.041428418567655","22.041428418567655","22.041428418567655","1685","1685","1685","26.582315708647723","26.582315708647723","26.582315708647723","","","","","",""
"410","1756","1756","1756","18.69698831883404","18.69698831883404","18.69698831883404","1727","1727","1727","22.199504281340893","22.199504281340893","22.199504281340893","","","","","",""
"420","1798","1798","1798","17.67545339833284","17.67545339833284","17.67545339833284","1769","1769","1769","22.09489296648591","22.09489296648591","22.09489296648591","","","","","",""
"430","1842","1842","1842","19.285958700171186","19.285958700171186","19.285958700171186","1811","1811","1811","15.873923897582776","15.873923897582776","15.873923897582776","","","","","",""
"440","1884","1884","1884","18.194743908865977","18.194743908865977","18.194743908865977","1853","1853","1853","21.089274832974322","21.089274832974322","21.089274832974322","","","","","",""
"450","1928","1928","1928","16.869981668979662","16.869981668979662","16.869981668979662","1895","1895","1895","22.24335905916231","22.24335905916231","22.24335905916231","","","","","",""
"460","1970","1970","1970","24.055812344381327","24.055812344381327","24.055812344381327","1937","1937","1937","19.527597130391218","19.527597130391218","19.527597130391218","","","","","",""
"470","2012","2012","2012","26.790061257507507","26.790061257507507","26.790061257507507","1979","1979","1979","104.6293350378663","104.6293350378663","104.6293350378663","","","","","",""
"480","2056","2056","2056","21.643507078230986","21.643507078230986","21.643507078230986","2021","2021","2021","15.045677985818525","15.045677985818525","15.045677985818525","","","","","",""
"490","2098","2098","2098","24.976464935480756","24.976464935480756","24.976464935480756","2063","2063","2063","22.58496691419886","22.58496691419886","22.58496691419886","","","","","",""